{
  "resources": [
    "sounds.webm",
    "sounds.ogg",
    "sounds.mp3"
  ],
  "spritemap": {
    "ammo": {
      "start": 0,
      "end": 0.3657142857142857,
      "loop": false
    },
    "capture_spatula": {
      "start": 2,
      "end": 3.6979591836734693,
      "loop": false
    },
    "cluck9mm_fire": {
      "start": 5,
      "end": 5.809795918367347,
      "loop": false
    },
    "cluck9mm_fire_pop": {
      "start": 7,
      "end": 7.490022675736961,
      "loop": false
    },
    "cluck9mm_insert_mag": {
      "start": 9,
      "end": 9.757551020408163,
      "loop": false
    },
    "cluck9mm_remove_mag": {
      "start": 11,
      "end": 11.470204081632653,
      "loop": false
    },
    "csg1_fire": {
      "start": 13,
      "end": 14.671836734693878,
      "loop": false
    },
    "csg1_pull_action": {
      "start": 16,
      "end": 16.39183673469388,
      "loop": false
    },
    "csg1_release_action": {
      "start": 18,
      "end": 18.28734693877551,
      "loop": false
    },
    "death_scream1": {
      "start": 20,
      "end": 21.201632653061225,
      "loop": false
    },
    "death_scream10": {
      "start": 23,
      "end": 24.227755102040817,
      "loop": false
    },
    "death_scream2": {
      "start": 26,
      "end": 27.306122448979593,
      "loop": false
    },
    "death_scream3": {
      "start": 29,
      "end": 29.653061224489797,
      "loop": false
    },
    "death_scream4": {
      "start": 31,
      "end": 31.522448979591836,
      "loop": false
    },
    "death_scream5": {
      "start": 33,
      "end": 33.9404081632653,
      "loop": false
    },
    "death_scream6": {
      "start": 35,
      "end": 36.071020408163264,
      "loop": false
    },
    "death_scream7": {
      "start": 38,
      "end": 39.85469387755102,
      "loop": false
    },
    "death_scream8": {
      "start": 41,
      "end": 42.12326530612245,
      "loop": false
    },
    "death_scream9": {
      "start": 44,
      "end": 45.071020408163264,
      "loop": false
    },
    "dozenGauge_close": {
      "start": 47,
      "end": 47.3134693877551,
      "loop": false
    },
    "dozenGauge_fire": {
      "start": 49,
      "end": 50.35836734693878,
      "loop": false
    },
    "dozenGauge_load": {
      "start": 52,
      "end": 52.47020408163265,
      "loop": false
    },
    "dozenGauge_open": {
      "start": 54,
      "end": 54.47020408163265,
      "loop": false
    },
    "drop_spatula": {
      "start": 56,
      "end": 57.51510204081632,
      "loop": false
    },
    "eggk47_dry_fire": {
      "start": 59,
      "end": 59.626938775510204,
      "loop": false
    },
    "eggk47_fire": {
      "start": 61,
      "end": 61.60081632653061,
      "loop": false
    },
    "eggk47_full_cycle": {
      "start": 63,
      "end": 63.391836734693875,
      "loop": false
    },
    "eggk47_insert_mag": {
      "start": 65,
      "end": 65.20897959183674,
      "loop": false
    },
    "eggk47_remove_mag": {
      "start": 67,
      "end": 67.3395918367347,
      "loop": false
    },
    "grenade": {
      "start": 69,
      "end": 71.27265306122449,
      "loop": false
    },
    "grenade_beep": {
      "start": 73,
      "end": 73.15673469387755,
      "loop": false
    },
    "grenade_pin": {
      "start": 75,
      "end": 75.47020408163266,
      "loop": false
    },
    "gun": {
      "start": 77,
      "end": 77.49632653061225,
      "loop": false
    },
    "hammer_click": {
      "start": 79,
      "end": 79.07836734693878,
      "loop": false
    },
    "hit": {
      "start": 81,
      "end": 81.23510204081633,
      "loop": false
    },
    "m24_bolt_close": {
      "start": 83,
      "end": 83.44408163265307,
      "loop": false
    },
    "m24_bolt_open": {
      "start": 85,
      "end": 85.39183673469388,
      "loop": false
    },
    "m24_fire": {
      "start": 87,
      "end": 87.99265306122449,
      "loop": false
    },
    "m24_fire_untz": {
      "start": 89,
      "end": 89.74891156462586,
      "loop": false
    },
    "rooster": {
      "start": 91,
      "end": 93.37714285714286,
      "loop": false
    },
    "rpegg_deny": {
      "start": 95,
      "end": 95.28734693877551,
      "loop": false
    },
    "rpegg_fire": {
      "start": 97,
      "end": 98.12326530612245,
      "loop": false
    },
    "rpegg_load": {
      "start": 100,
      "end": 100.65306122448979,
      "loop": false
    },
    "rpegg_rocket_fly": {
      "start": 102,
      "end": 104.82122448979592,
      "loop": false
    },
    "rpegg_rocket_hit": {
      "start": 106,
      "end": 108.19428571428571,
      "loop": false
    },
    "rpegg_rocket_poof": {
      "start": 110,
      "end": 110.65306122448979,
      "loop": false
    },
    "shell_burst": {
      "start": 112,
      "end": 112.57469387755103,
      "loop": false
    },
    "shellstreak_end": {
      "start": 114,
      "end": 116,
      "loop": false
    },
    "shellstreak_start": {
      "start": 117,
      "end": 118.9,
      "loop": false
    },
    "shield_hit": {
      "start": 120,
      "end": 120.22027210884353,
      "loop": false
    },
    "smg_cycle": {
      "start": 122,
      "end": 122.91428571428571,
      "loop": false
    },
    "smg_fire": {
      "start": 124,
      "end": 124.41795918367347,
      "loop": false
    },
    "ui_chicken": {
      "start": 126,
      "end": 126.6269387755102,
      "loop": false
    },
    "ui_click": {
      "start": 128,
      "end": 128.18285714285713,
      "loop": false
    },
    "ui_equip": {
      "start": 130,
      "end": 130.23510204081632,
      "loop": false
    },
    "ui_onchange": {
      "start": 132,
      "end": 132.26122448979592,
      "loop": false
    },
    "ui_playconfirm": {
      "start": 134,
      "end": 134.2873469387755,
      "loop": false
    },
    "ui_popupclose": {
      "start": 136,
      "end": 136.3134693877551,
      "loop": false
    },
    "ui_popupopen": {
      "start": 138,
      "end": 138.3134693877551,
      "loop": false
    },
    "ui_reset": {
      "start": 140,
      "end": 140.39183673469387,
      "loop": false
    },
    "ui_toggletab": {
      "start": 142,
      "end": 142.2873469387755,
      "loop": false
    }
  }
}
